obs_file,theta_true,theta_est,theta_soft,theta_para,error_deg,error_soft_deg,error_para_deg,best_cosine,topk,alpha,stride,roi_mode,roi_frac,whiten,parabola_require_peak
true_counts_map_angle_011.csv,11,10,10.336183668546123,10.52288883605294,-1.0,-0.6638163314538765,-0.4771111639470593,0.9712383586483697,3,20.0,10,mean,0.2,False,True
true_counts_map_angle_037.csv,37,40,39.03364982530872,36.796887018220595,3.0,2.0336498253087214,-0.2031129817794053,0.9636007694254861,3,20.0,10,mean,0.2,False,True
true_counts_map_angle_074.csv,74,70,70.16360092156137,71.56510422184553,-4.0,-3.8363990784386317,-2.43489577815447,0.9675748530553445,3,20.0,10,mean,0.2,False,True
true_counts_map_angle_121.csv,121,120,120.38458100664276,120.56594465730761,-1.0,-0.6154189933572383,-0.434055342692389,0.9776730429294698,3,20.0,10,mean,0.2,False,True
true_counts_map_angle_169.csv,169,170,169.8601337870803,169.72152738840947,1.0,0.8601337870802865,0.72152738840947,0.9741696787738485,3,20.0,10,mean,0.2,False,True
